CustomerID,Age,TotalSpend,AccountLength,CallsToService,EmailsToService,SMSsToService,PostsToSocialMedia,LastContactMethod
1,62,545.9965334318531,5,4,3,4,2,SMS
2,65,1034.3745319491545,8,0,5,3,1,Phone
3,18,284.5170073661491,13,8,8,4,3,SocialMedia
4,21,1102.8580857659917,14,3,4,4,4,SocialMedia
5,21,505.1685301260815,11,9,1,4,3,Phone
6,57,356.46790680996355,11,5,7,2,1,Phone
7,27,921.1181087341164,5,5,8,1,3,SocialMedia
8,37,128.15056466249098,2,1,1,3,1,SocialMedia
9,39,1260.5160409043083,12,7,2,4,3,Email
10,68,106.5736666695659,4,8,1,4,3,SMS
11,54,1048.943151514722,4,6,1,0,2,Email
12,41,478.0111624690308,10,4,7,0,0,Phone
13,24,1129.271630971633,3,7,5,2,3,SMS
14,42,1447.0639631644135,6,3,0,4,4,Email
15,42,448.2544009279412,3,5,4,3,0,SMS
16,30,906.6202681849717,4,3,1,3,4,Email
17,19,928.8587037805746,6,6,1,0,3,Phone
18,56,901.1526681072227,11,4,6,0,1,SocialMedia
19,57,412.3142856968656,12,7,6,1,3,SMS
20,41,1433.848616123779,8,3,0,4,2,Phone
21,64,725.9755300646783,13,0,2,4,1,Phone
22,42,1284.972141459579,13,5,3,0,4,SocialMedia
23,35,1079.270985444506,3,9,7,0,3,SocialMedia
24,55,516.4117311971871,14,3,9,0,3,SocialMedia
25,43,1239.3169475834682,8,7,2,1,1,SMS
26,31,655.1080371857785,2,5,4,1,3,SocialMedia
27,26,1333.5444759556262,7,5,9,1,0,SMS
28,27,913.7820216902022,11,8,0,4,4,SocialMedia
29,38,1334.429506596794,6,0,6,1,3,Email
30,69,1069.5442261088722,1,8,9,4,3,Email
31,34,1115.3559917474968,12,3,2,0,1,Phone
32,69,801.8541346973832,1,6,4,4,2,Email
33,23,1438.5170886125134,11,9,7,3,4,SocialMedia
34,33,1001.5862789214924,13,3,3,2,0,SMS
35,65,693.3970679814515,4,2,0,0,0,SMS
36,18,948.9504997790941,11,7,5,3,1,SocialMedia
37,36,126.87047763306694,2,0,4,2,0,SMS
38,53,522.204743344369,11,3,0,3,2,Phone
39,42,1024.242952489759,10,0,2,2,3,Email
40,67,506.1086500946217,13,3,3,2,4,SocialMedia
41,69,965.2216005983781,14,6,1,1,3,Email
42,47,700.2761813240726,10,1,7,3,1,Email
43,37,289.6636899114303,7,9,1,3,3,SocialMedia
44,37,517.595256338443,7,2,3,0,2,SocialMedia
45,32,897.9508749817708,8,9,4,4,0,Email
46,57,927.2218657474425,9,4,1,3,4,SocialMedia
47,50,904.0553483894104,14,9,7,3,2,Email
48,19,1014.4811477999871,9,1,4,0,1,Email
49,27,1012.9445780023644,8,3,0,0,4,Email
50,50,703.9858096075635,1,2,2,1,3,SocialMedia
51,49,1355.1652341914883,9,4,7,4,1,SocialMedia
52,28,614.5866180670552,7,9,4,4,3,Phone
53,41,710.2108953718775,9,7,0,1,2,Email
54,53,1348.692697021941,10,4,2,0,2,Email
55,29,1228.67158466452,9,9,6,0,1,Email
56,68,1085.4440169565128,4,4,9,0,0,Phone
57,46,240.31764223722155,7,1,2,3,1,Email
58,52,1387.275659242543,2,2,4,4,0,Phone
59,18,1099.937819368756,8,7,9,4,1,Phone
60,18,1498.385809195013,5,2,9,2,1,SocialMedia
61,54,309.22762652119127,10,3,5,2,4,Phone
62,23,1315.3764803155,3,9,4,3,0,SocialMedia
63,56,327.4901085469247,13,7,4,3,0,SMS
64,58,961.7833899973818,1,6,9,4,2,Email
65,35,273.3479759892181,9,6,8,2,3,SMS
66,33,1287.211521051128,3,2,1,1,2,Email
67,22,1230.2465422150149,14,3,5,0,0,Phone
68,59,896.7410340604306,8,6,7,4,4,SocialMedia
69,60,670.0566161163995,9,0,0,1,0,Phone
70,49,196.83379363719325,5,8,1,3,3,Email
71,19,1076.4002824023892,5,0,3,0,3,Email
72,19,734.9597557492964,13,7,9,3,1,Phone
73,57,1110.8778392584873,2,6,2,2,4,Email
74,59,1312.935256300081,8,5,8,1,2,Email
75,53,1465.73010700404,7,9,2,0,4,SMS
76,56,1298.1246793496555,10,6,4,0,1,Phone
77,29,116.39971785900276,5,5,8,3,0,SMS
78,64,603.9692902697095,2,2,2,4,3,Phone
79,36,1121.9867873936812,6,7,9,1,0,SMS
80,45,340.2815481660167,10,1,8,0,0,SocialMedia
81,18,829.451248685781,8,9,7,0,1,Email
82,32,176.0731836749551,12,2,8,2,2,Email
83,53,379.9951348549601,14,2,2,1,0,Phone
84,30,125.93051224485956,2,5,3,1,3,Phone
85,60,1211.176784700389,4,6,3,0,3,Phone
86,38,413.4945632845322,6,4,6,1,2,SMS
87,29,583.4923529756638,8,2,0,1,2,Phone
88,22,1399.3138108518272,4,2,3,0,1,Email
89,24,1086.180162692946,7,1,6,0,4,Phone
90,22,144.574501343831,7,0,3,3,3,Email
91,65,330.5718190970779,8,9,9,3,0,SMS
92,21,970.0697620996689,10,0,6,3,1,Email
93,30,908.1200240458346,2,2,3,3,2,SocialMedia
94,54,433.04994992431205,10,8,2,1,0,Email
95,58,1407.8995970947112,7,3,2,2,4,SocialMedia
96,32,959.5523383522544,1,0,2,0,2,SMS
97,33,849.8859242349416,4,8,6,0,4,Email
98,38,925.8739668963993,9,8,4,4,4,SMS
99,53,1122.1708413234774,5,1,6,2,3,SMS
100,41,536.7229936714426,2,0,0,2,3,SocialMedia
101,33,657.5094871025286,5,5,4,0,4,SMS
102,31,393.781248565171,6,8,9,2,3,Email
103,39,360.6702082324706,1,2,2,4,2,SocialMedia
104,66,1422.121345977507,4,3,1,1,4,SMS
105,67,1135.3711130690026,11,5,6,3,4,Phone
106,23,786.6423320645939,2,3,1,4,1,SocialMedia
107,59,418.38047916265253,5,8,7,3,1,Email
108,53,456.0990744785501,5,6,5,0,1,Email
109,18,181.24082445342586,5,4,6,1,1,Phone
110,49,708.183275781369,1,6,1,4,0,SocialMedia
111,23,536.5142347917435,1,3,6,2,1,Phone
112,48,1074.8808843416432,11,6,6,1,2,SocialMedia
113,18,628.8525750094733,14,2,6,4,0,SocialMedia
114,67,351.44514858348873,9,6,6,1,2,Phone
115,68,134.5502197478637,12,5,2,0,1,Phone
116,54,194.149484048548,12,5,5,2,4,SocialMedia
117,52,1051.1498828979943,5,9,2,3,0,SMS
118,66,735.1755823784634,7,4,2,3,4,SocialMedia
119,47,851.2108955522111,10,6,3,3,2,Email
120,21,1355.339810256479,13,5,2,4,2,Email
121,52,1486.4745263553862,12,1,9,1,0,Phone
122,60,403.6557781578635,4,3,3,2,2,SocialMedia
123,31,1028.3094843401411,4,3,8,2,0,SMS
124,66,468.6513274320109,13,8,5,4,2,SMS
125,57,128.91139925202015,3,9,4,2,4,Phone
126,39,1161.730115370598,2,5,5,2,3,Phone
127,27,548.0240111514549,11,5,1,1,1,Phone
128,18,636.8494518406571,3,6,5,1,1,Phone
129,28,923.643958975048,2,0,8,1,3,SMS
130,68,1263.4678373306665,12,9,2,4,3,Email
131,61,980.5745810276082,4,7,9,4,0,SMS
132,41,1321.7109176263534,13,5,9,4,2,Email
133,20,482.95884874189005,5,1,5,2,4,Email
134,52,1217.2655674775892,11,5,6,3,1,Email
135,53,359.89032202833306,2,6,4,2,3,SMS
136,48,1433.9083197607224,2,6,0,1,3,SocialMedia
137,21,1062.4835869429414,1,8,8,3,3,Phone
138,36,401.7107479589818,8,7,5,0,2,Phone
139,64,1426.3188266844938,9,5,5,3,4,SocialMedia
140,53,1123.1981294782208,11,3,5,1,3,SMS
141,38,455.5182996330362,5,2,1,1,4,SMS
142,35,398.63676831447475,4,9,0,1,1,SocialMedia
143,68,825.4809995029285,6,9,0,1,0,Email
144,45,135.9278052763442,7,3,0,0,0,SMS
145,32,390.45810561755314,4,2,0,3,1,Email
146,59,694.5596562521088,3,5,0,0,0,SMS
147,19,623.8379724679157,10,4,7,2,3,SocialMedia
148,54,749.0055941107349,9,1,6,3,2,Phone
149,28,488.6801888126247,13,5,3,2,0,Phone
150,40,921.4980850414363,2,8,5,2,1,Phone
